<?xml version="1.0" encoding="UTF-8"?>

<Bundle xmlns="http://hl7.org/fhir">
  <id value="h1"/>
  <type value="collection"/>
  <entry>
    <fullUrl value="http://somewhere.org/fhir/uv/myig/Provenance/h1-1"/>
    <resource>
      <Provenance>
        <id value="h1-1"/>
        <text>
          <status value="generated"/><div xmlns="http://www.w3.org/1999/xhtml"><div xml:lang="en" lang="en"><hr/><p><b>English</b></p><hr/><a name="Provenance_h1-1"> </a><p class="res-header-id"><b>Generated Narrative: Provenance h1-1</b></p><a name="h1-1"> </a><a name="hch1-1"> </a><a name="h1-1-en"> </a><p>Provenance for <a href="StructureDefinition-myObservation.html">StructureDefinition My Observation Profile</a></p><p>Summary</p><table class="grid"><tr><td>Occurrence</td><td>2015-11-30</td></tr><tr><td>Recorded</td><td>2020-01-01 00:00:00+0000</td></tr><tr><td>Activity</td><td><span title="Codes:{http://terminology.hl7.org/CodeSystem/v3-DataOperation UPDATE}">revise</span></td></tr></table><p><b>Agents</b></p><table class="grid"><tr><td><b>Type</b></td><td><b>who</b></td></tr><tr><td><span title="Codes:{http://terminology.hl7.org/CodeSystem/provenance-participant-type author}">Author</span></td><td>Rob Hausam</td></tr><tr><td><span title="Codes:{http://terminology.hl7.org/CodeSystem/provenance-participant-type verifier}">Verifier</span></td><td>Vocab</td></tr></table></div></div>
        </text>
        <target>
          <reference value="StructureDefinition/myObservation"/>
        </target>
        <occurredDateTime value="2015-11-30"/>
        <recorded value="2020-01-01T00:00:00.000Z"/>
        <reason>
          <text value="Add &quot;conductible&quot; property to ActRelationshipType and ParticipationType codes.for ContextConduction RIM Change. And create Concept domain CodeSystem and ValueSet for ContextConductionStyle"/>
        </reason>
        <activity>
          <coding>
            <system value="http://terminology.hl7.org/CodeSystem/v3-DataOperation"/>
            <code value="UPDATE"/>
          </coding>
        </activity>
        <agent>
          <type>
            <coding>
              <system value="http://terminology.hl7.org/CodeSystem/provenance-participant-type"/>
              <code value="author"/>
            </coding>
          </type>
          <who>
            <display value="Rob Hausam"/>
          </who>
        </agent>
        <agent>
          <type>
            <coding>
              <system value="http://terminology.hl7.org/CodeSystem/provenance-participant-type"/>
              <code value="verifier"/>
            </coding>
          </type>
          <who>
            <display value="Vocab"/>
          </who>
        </agent>
      </Provenance>
    </resource>
  </entry>
</Bundle>