[
  {
    "id" : "example",
    "type" : "ActorDefinition",
    "url" : "http://somewhere.org/fhir/uv/myig/ActorDefinition/example",
    "version" : "0.2.0",
    "name" : "ExampleServer"
  },
  {
    "id" : "cs-fake",
    "type" : "CodeSystem",
    "url" : "http://somewhere.org/fhir/uv/myig/CodeSystem/cs-fake",
    "version" : "0.2.0",
    "name" : "CodeSystemFake"
  },
  {
    "id" : "example.fhir.uv.myig",
    "type" : "ImplementationGuide",
    "url" : "http://somewhere.org/fhir/uv/myig/ImplementationGuide/example.fhir.uv.myig",
    "version" : "0.2.0",
    "name" : "YourComputableMyIGNameHere"
  },
  {
    "id" : "example",
    "type" : "Library",
    "url" : "http://somewhere.org/fhir/uv/myig/Library/example",
    "version" : "0.2.0",
    "name" : "Example"
  },
  {
    "id" : "example-image",
    "type" : "Library",
    "url" : "http://somewhere.org/fhir/uv/myig/Library/example-image",
    "version" : "0.2.0",
    "name" : "ExampleLibraryImage"
  },
  {
    "id" : "example-sql",
    "type" : "Library",
    "url" : "http://somewhere.org/fhir/uv/myig/Library/example-sql",
    "version" : "0.2.0",
    "name" : "ExampleLibrary"
  },
  {
    "id" : "example",
    "type" : "Questionnaire",
    "url" : "http://somewhere.org/fhir/uv/myig/Questionnaire/example",
    "version" : "0.2.0"
  },
  {
    "id" : "MyLogical",
    "type" : "StructureDefinition",
    "url" : "http://somewhere.org/fhir/uv/myig/StructureDefinition/MyLogical",
    "version" : "0.2.0",
    "name" : "MyLogical"
  },
  {
    "id" : "ext-myExtension",
    "type" : "StructureDefinition",
    "url" : "http://somewhere.org/fhir/uv/myig/StructureDefinition/ext-myExtension",
    "version" : "0.2.0",
    "name" : "MyExtension"
  },
  {
    "id" : "myObservation",
    "type" : "StructureDefinition",
    "url" : "http://somewhere.org/fhir/uv/myig/StructureDefinition/myObservation",
    "version" : "0.2.0",
    "name" : "MyObservation"
  },
  {
    "id" : "mypatient",
    "type" : "StructureDefinition",
    "url" : "http://somewhere.org/fhir/uv/myig/StructureDefinition/mypatient",
    "version" : "0.2.0",
    "name" : "MyPatientName"
  },
  {
    "id" : "mypractitioner",
    "type" : "StructureDefinition",
    "url" : "http://somewhere.org/fhir/uv/myig/StructureDefinition/mypractitioner",
    "version" : "0.2.0",
    "name" : "MyPractitionerName"
  },
  {
    "id" : "valueset-fake",
    "type" : "ValueSet",
    "url" : "http://somewhere.org/fhir/uv/myig/ValueSet/valueset-fake",
    "version" : "0.2.0",
    "name" : "ValueSetFake"
  },
  {
    "id" : "valueset-no-codesystem",
    "type" : "ValueSet",
    "url" : "http://somewhere.org/fhir/uv/myig/ValueSet/valueset-no-codesystem",
    "version" : "0.2.0",
    "name" : "ValueSetWithNoCodeSystem"
  }
]
